attack_type,trials,detected,detection_rate,avg_response_time,false_positives
curl_user_agent,3,3,100.0,0.1619701385498047,0
wget_user_agent,3,3,100.0,0.16065311431884766,0
path_traversal,2,0,0.0,0.1644972562789917,0
sql_injection,5,5,100.0,2.2624998161395737,0
admin_access,5,5,100.0,2.2578692272284817,0
brute_force,5,5,100.0,2.234588471230782,0
