attack_type,trials,detected,detection_rate,avg_response_time,false_positives
curl_user_agent,3,3,100.0,0.5485787391662598,0
wget_user_agent,3,3,100.0,0.4394984245300293,0
path_traversal,2,0,0.0,0.5151149034500122,0
sql_injection,5,5,100.0,1.5373292397361598,0
admin_access,5,5,100.0,1.7223477439161878,0
brute_force,5,5,100.0,2.111790617398963,0
